{"cameraMode":{"drawMode":0,"name":"Shaded","section":"Shading Mode"},"sceneLighting":true,"audioPlay":false,"sceneViewState":{"showFog":true,"showMaterialUpdate":false,"showSkybox":true,"showFlares":true,"showImageEffects":true,"showParticleSystems":true},"in2DMode":false,"pivot":{"x":-11.057106971740723,"y":0.16024556756019593,"z":-0.6522970199584961},"rotation":{"x":-0.05789802595973015,"y":0.7118545770645142,"z":-0.059075821191072467,"w":-0.6974697709083557},"size":10.0,"orthographic":false}